<?xml version="1.0"?>
<metadata xml:lang="en"><Esri><CreaDate>20121012</CreaDate><CreaTime>14544800</CreaTime><SyncOnce>FALSE</SyncOnce><SyncDate>20110315</SyncDate><SyncTime>14222300</SyncTime><ModDate>20110315</ModDate><ModTime>14222300</ModTime><PublishStatus>Published</PublishStatus><DataProperties><lineage><Process ToolSource="C:\Program Files\ArcGIS\ArcToolbox\Toolboxes\Data Management Tools.tbx\CopyFeatures" Date="20051007" Time="095752">CopyFeatures "Database Connections\zeus AHAT.sde\SOC.admgv_aus5m" "C:\GISData\Australia Base Layers.mdb\Australia\SOC_admgv_aus5m" # 0 0 0</Process><Process ToolSource="C:\Program Files (x86)\ArcGIS\Desktop10.0\ArcToolbox\Toolboxes\Data Management Tools.tbx\Dissolve" Date="20110315" Time="142224">Dissolve SOC_admgv_aus5m "C:\Users\Dan\GISData\Australia Base Layers.mdb\Australia\SOC_admgv_aus5m_coast" # # MULTI_PART DISSOLVE_LINES</Process></lineage><itemProps><itemName Sync="TRUE">SOC_admgv_aus5m_coast</itemName><imsContentType Sync="TRUE">002</imsContentType><itemLocation><linkage Sync="TRUE">file://\\RSB000516\C$\Users\u3579238\Dropbox\Biodiverse presentations\Biodiverse Prac Oct 2012\aus5m_coast</linkage><protocol Sync="TRUE">Local Area Network</protocol></itemLocation></itemProps><coordRef><type Sync="TRUE">Geographic</type><geogcsn Sync="TRUE">GCS_WGS_1984</geogcsn><peXml Sync="TRUE">&lt;GeographicCoordinateSystem xsi:type='typens:GeographicCoordinateSystem' xmlns:xsi='http://www.w3.org/2001/XMLSchema-instance' xmlns:xs='http://www.w3.org/2001/XMLSchema' xmlns:typens='http://www.esri.com/schemas/ArcGIS/10.0'&gt;&lt;WKT&gt;GEOGCS[&amp;quot;GCS_WGS_1984&amp;quot;,DATUM[&amp;quot;D_WGS_1984&amp;quot;,SPHEROID[&amp;quot;WGS_1984&amp;quot;,6378137.0,298.257223563]],PRIMEM[&amp;quot;Greenwich&amp;quot;,0.0],UNIT[&amp;quot;Degree&amp;quot;,0.0174532925199433],AUTHORITY[&amp;quot;EPSG&amp;quot;,4326]]&lt;/WKT&gt;&lt;XOrigin&gt;-90&lt;/XOrigin&gt;&lt;YOrigin&gt;-180&lt;/YOrigin&gt;&lt;XYScale&gt;5965232.3472222202&lt;/XYScale&gt;&lt;ZOrigin&gt;0&lt;/ZOrigin&gt;&lt;ZScale&gt;100000&lt;/ZScale&gt;&lt;MOrigin&gt;-100000&lt;/MOrigin&gt;&lt;MScale&gt;1000&lt;/MScale&gt;&lt;XYTolerance&gt;3.3527612732994771e-007&lt;/XYTolerance&gt;&lt;ZTolerance&gt;2.0000000000000002e-005&lt;/ZTolerance&gt;&lt;MTolerance&gt;0.002&lt;/MTolerance&gt;&lt;HighPrecision&gt;false&lt;/HighPrecision&gt;&lt;LeftLongitude&gt;-180&lt;/LeftLongitude&gt;&lt;WKID&gt;4326&lt;/WKID&gt;&lt;/GeographicCoordinateSystem&gt;</peXml></coordRef><copyHistory><copy source="C:\Users\u3579238\GISData\aus5m_coast" dest="\\RSB000516\C$\Users\u3579238\Dropbox\Biodiverse presentations\Biodiverse Prac Oct 2012\aus5m_coast" date="20121012" time="14544800"></copy></copyHistory></DataProperties><ArcGISFormat>1.0</ArcGISFormat></Esri><idinfo><native Sync="TRUE">Microsoft Windows XP Version 5.1 (Build 2600) Service Pack 2; ESRI ArcCatalog 9.0.0.535</native><descript><langdata Sync="TRUE">en</langdata><abstract>REQUIRED: A brief narrative summary of the data set.</abstract><purpose>REQUIRED: A summary of the intentions with which the data set was developed.</purpose></descript><citation><citeinfo><origin>REQUIRED: The name of an organization or individual that developed the data set.</origin><pubdate>REQUIRED: The date when the data set is published or otherwise made available for release.</pubdate><title>Australia 1:5,000,000 Topographic Data TOPO5M - Administrative Boundaries and Coastline</title><ftname Sync="TRUE">SOC_admgv_aus5m</ftname><geoform Sync="TRUE">vector digital data</geoform><onlink Sync="TRUE">\\G8098269\C$\GISData\Australia Base Layers.mdb</onlink></citeinfo></citation><timeperd><current>REQUIRED: The basis on which the time period of content information is determined.</current><timeinfo><sngdate><caldate>REQUIRED: The year (and optionally month, or month and day) for which the data set corresponds to the ground.</caldate></sngdate></timeinfo></timeperd><status><progress>REQUIRED: The state of the data set.</progress><update>REQUIRED: The frequency with which changes and additions are made to the data set after the initial data set is completed.</update></status><spdom><bounding><westbc Sync="TRUE">112.921100</westbc><eastbc Sync="TRUE">159.284300</eastbc><northbc Sync="TRUE">-9.223900</northbc><southbc Sync="TRUE">-43.658500</southbc></bounding><lboundng><leftbc Sync="TRUE">112.921100</leftbc><rightbc Sync="TRUE">159.284300</rightbc><bottombc Sync="TRUE">-43.658500</bottombc><topbc Sync="TRUE">-9.223900</topbc></lboundng></spdom><keywords><theme><themekt>REQUIRED: Reference to a formally registered thesaurus or a similar authoritative source of theme keywords.</themekt><themekey>REQUIRED: Common-use word or phrase used to describe the subject of the data set.</themekey></theme></keywords><accconst>REQUIRED: Restrictions and legal prerequisites for accessing the data set.</accconst><useconst>REQUIRED: Restrictions and legal prerequisites for using the data set after access is granted.</useconst><natvform Sync="TRUE">Personal GeoDatabase Feature Class</natvform></idinfo><dataIdInfo><envirDesc Sync="TRUE">Microsoft Windows Server 2008 R2 Version 6.1 (Build 7600) ; ESRI ArcGIS 10.0.0.2414</envirDesc><spatRpType><SpatRepTypCd Sync="TRUE" value="001"></SpatRepTypCd></spatRpType><dataExt><geoEle><GeoBndBox esriExtentType="native"><westBL Sync="TRUE">112.9211</westBL><eastBL Sync="TRUE">159.2843</eastBL><northBL Sync="TRUE">-9.2239</northBL><southBL Sync="TRUE">-43.6585</southBL><exTypeCode Sync="TRUE">1</exTypeCode></GeoBndBox></geoEle></dataExt><geoBox esriExtentType="decdegrees"><westBL Sync="TRUE">112.9211</westBL><eastBL Sync="TRUE">159.2843</eastBL><northBL Sync="TRUE">-9.2239</northBL><southBL Sync="TRUE">-43.6585</southBL><exTypeCode Sync="TRUE">1</exTypeCode></geoBox><idAbs>The GEODATA TOPO 5M 2004 product is a national semaless data product aimed at regional or national applications. It is a vector representation of the Australian landscape as represented on the Geoscience Australia 1:5M general reference map and is suitable for GIS applications. The product consists of eleven layers : built up areas, contours, drainage, framework, localities, offshore, rail transport, road transport, sand ridges, spot heights and waterbodies. Offshore and Sand Ridge layers have been derived from 1:5M scale mapping by scanning stable base photographic film positives of the various layers of the original map production material. The remaining layers were sourced from the GEODATA TOPO 2.5M 2003 product.</idAbs><idStatus><ProgCd value="001"></ProgCd></idStatus><resMaint><maintFreq><MaintFreqCd value="010"></MaintFreqCd></maintFreq></resMaint><resConst><LegConsts><accessConsts><RestrictCd value="005"></RestrictCd></accessConsts><othConsts>The data are subject to Copyright. Data files may be downloaded from Geoscience Australia's website at http://www.ga.gov.au A licence agreement is required.</othConsts></LegConsts></resConst><dsFormat><formatName>SDE Feature Class</formatName><formatVer>1</formatVer></dsFormat><idCitation><resTitle>Australia 1:5,000,000 Topographic Data TOPO5M - Administrative Boundaries and Coastline</resTitle><resAltTitle>SOC.admgv_aus5m</resAltTitle><resRefDate><refDate>20010101</refDate><refDateType><DateTypCd value="001"></DateTypCd></refDateType></resRefDate><resRefDate><refDate>20011101</refDate><refDateType><DateTypCd value="003"></DateTypCd></refDateType></resRefDate><citId><MdIdent><identCode>ISOCW0501000584</identCode></MdIdent></citId><citRespParty><rpOrgName>Geoscience Australia (GA)</rpOrgName><rpPosName>Leader Sales and Distribution CIMA</rpPosName><rpCntInfo><cntPhone><voiceNum>02 6249 9966</voiceNum><faxNum>02 6249 9960</faxNum></cntPhone><cntAddress><delPoint>GPO Box 378</delPoint><city>Symonston</city><adminArea>ACT</adminArea><postCode>2609</postCode><country>Australia</country><eMailAdd>sales@ga.gov.au</eMailAdd></cntAddress><cntOnlineRes><linkage>http://www.ga.gov.au/</linkage></cntOnlineRes></rpCntInfo><role><RoleCd value="002"></RoleCd></role></citRespParty><citRespParty><rpOrgName>Australian Government Department of the Environment and Heritage</rpOrgName><rpPosName>Metadata Publisher</rpPosName><rpCntInfo><cntPhone><voiceNum>(02) 6274 1111</voiceNum><faxNum>(02) 6274 1333</faxNum></cntPhone><cntAddress><delPoint>GPO Box 787</delPoint><city>CANBERRA</city><adminArea>ACT</adminArea><postCode>2601</postCode><country>Australia</country><eMailAdd>metadata@deh.gov.au</eMailAdd></cntAddress><cntOnlineRes><linkage>http://www.deh.gov.au/</linkage></cntOnlineRes></rpCntInfo><role><RoleCd value="010"></RoleCd></role></citRespParty><presForm><PresFormCd Sync="TRUE" value="005"></PresFormCd></presForm></idCitation><idPoC><rpOrgName>Australian Government Department of the Environment and Heritage</rpOrgName><rpPosName>Data Manager</rpPosName><rpCntInfo><cntPhone><voiceNum>(02) 6274 1111</voiceNum><faxNum>(02) 6274 1333</faxNum></cntPhone><cntAddress><delPoint>GPO Box 787</delPoint><city>CANBERRA</city><adminArea>ACT</adminArea><postCode>2601</postCode><country>Australia</country><eMailAdd>metadata@deh.gov.au</eMailAdd></cntAddress><cntOnlineRes><linkage>http://www.deh.gov.au/</linkage></cntOnlineRes></rpCntInfo><role><RoleCd value="007"></RoleCd></role></idPoC><descKeys><keyword>BOUNDARIES Administrative_Mapping</keyword><keyword>LAND Geography_Mapping</keyword><keyword>LAND Topography_Mapping</keyword><keyword>MARINE Coasts_Mapping</keyword><keyTyp><KeyTypCd value="005"></KeyTypCd></keyTyp><thesaName uuidref="723f6998-058e-11dc-8314-0800200c9a66"></thesaName></descKeys><dataScale><equScale><rfDenom>5000000</rfDenom></equScale></dataScale><tpCat><TopicCatCd value="003"></TopicCatCd></tpCat><suppInfo>published internally</suppInfo><dataLang><languageCode value="eng" country="USA"></languageCode></dataLang><dataChar><CharSetCd value="004"></CharSetCd></dataChar></dataIdInfo><metainfo><langmeta Sync="TRUE">en</langmeta><metstdn Sync="TRUE">FGDC Content Standards for Digital Geospatial Metadata</metstdn><metstdv Sync="TRUE">FGDC-STD-001-1998</metstdv><mettc Sync="TRUE">local time</mettc><metc><cntinfo><cntorgp><cntper>REQUIRED: The person responsible for the metadata information.</cntper><cntorg>REQUIRED: The organization responsible for the metadata information.</cntorg></cntorgp><cntaddr><addrtype>REQUIRED: The mailing and/or physical address for the organization or individual.</addrtype><city>REQUIRED: The city of the address.</city><state>REQUIRED: The state or province of the address.</state><postal>REQUIRED: The ZIP or other postal code of the address.</postal></cntaddr><cntvoice>REQUIRED: The telephone number by which individuals can speak to the organization or individual.</cntvoice></cntinfo></metc><metd Sync="TRUE">20051007</metd></metainfo><mdLang><languageCode Sync="TRUE" value="eng"></languageCode></mdLang><mdStanName>ISO 19115 Geographic Information - Metadata</mdStanName><mdStanVer>DEH</mdStanVer><mdChar><CharSetCd Sync="TRUE" value="004"></CharSetCd></mdChar><mdHrLv><ScopeCd Sync="TRUE" value="005"></ScopeCd></mdHrLv><mdHrLvName Sync="TRUE">dataset</mdHrLvName><distinfo><resdesc></resdesc><stdorder><digform><digtinfo><transize Sync="TRUE">0.908</transize><dssize Sync="TRUE">0.908</dssize></digtinfo></digform></stdorder></distinfo><distInfo><distributor><distorCont><rpOrgName>Australian Government Department of the Environment and Heritage</rpOrgName><rpCntInfo><cntPhone><voiceNum>(02) 6274 1111</voiceNum><faxNum>(02) 6274 1333</faxNum></cntPhone><cntAddress><delPoint>GPO Box 787</delPoint><city>CANBERRA</city><adminArea>ACT</adminArea><postCode>2601</postCode><eMailAdd>metadata@deh.gov.au</eMailAdd></cntAddress></rpCntInfo><role><RoleCd value="005"></RoleCd></role></distorCont><distorFormat><formatName>ArcView shapefile</formatName><formatVer>1</formatVer></distorFormat><distorTran><onLineSrc><linkage Sync="TRUE">file://\\G8098269\C$\GISData\Australia Base Layers.mdb</linkage><orDesc>003</orDesc><protocol Sync="TRUE">Local Area Network</protocol></onLineSrc></distorTran></distributor><distFormat><formatName Sync="TRUE">Personal GeoDatabase Feature Class</formatName></distFormat></distInfo><spdoinfo><direct Sync="TRUE">Vector</direct><ptvctinf><esriterm Name="SOC_admgv_aus5m_coast"><efeatyp Sync="TRUE">Simple</efeatyp><efeageom Sync="TRUE">4</efeageom><esritopo Sync="TRUE">FALSE</esritopo><efeacnt Sync="TRUE">0</efeacnt><spindex Sync="TRUE">TRUE</spindex><linrefer Sync="TRUE">FALSE</linrefer></esriterm></ptvctinf></spdoinfo><spref><horizsys><cordsysn><geogcsn Sync="TRUE">GCS_WGS_1984</geogcsn></cordsysn><geograph><geogunit Sync="TRUE">Decimal degrees</geogunit><latres Sync="TRUE">0.000000</latres><longres Sync="TRUE">0.000000</longres></geograph><geodetic><horizdn Sync="TRUE">D_WGS_1984</horizdn><ellips Sync="TRUE">WGS_1984</ellips><semiaxis Sync="TRUE">6378137.000000</semiaxis><denflat Sync="TRUE">298.257224</denflat></geodetic></horizsys><vertdef><altsys><altenc Sync="TRUE">Explicit elevation coordinate included with horizontal coordinates</altenc><altres Sync="TRUE">0.000010</altres></altsys></vertdef></spref><refSysInfo><RefSystem><refSysID><identCode Sync="TRUE" code="4326">GCS_WGS_1984</identCode><idCodeSpace Sync="TRUE">EPSG</idCodeSpace><idVersion Sync="TRUE">7.4.1</idVersion></refSysID></RefSystem></refSysInfo><spatRepInfo><VectSpatRep><topLvl><TopoLevCd Sync="TRUE" value="001"></TopoLevCd></topLvl><geometObjs Name="SOC_admgv_aus5m"><geoObjTyp><GeoObjTypCd Sync="TRUE" value="002"></GeoObjTypCd><geoObjCnt Sync="TRUE">0</geoObjCnt></geoObjTyp><geoObjCnt Sync="TRUE">0</geoObjCnt></geometObjs></VectSpatRep></spatRepInfo><eainfo><detailed Name="SOC_admgv_aus5m_coast"><enttyp><enttypl Sync="TRUE">SOC_admgv_aus5m_coast</enttypl><enttypt Sync="TRUE">Feature Class</enttypt><enttypc Sync="TRUE">0</enttypc></enttyp><attr><attrlabl Sync="TRUE">Shape</attrlabl><attalias Sync="TRUE">Shape</attalias><attrtype Sync="TRUE">Geometry</attrtype><attwidth Sync="TRUE">0</attwidth><atprecis Sync="TRUE">0</atprecis><attscale Sync="TRUE">0</attscale><attrdef Sync="TRUE">Feature geometry.</attrdef><attrdefs Sync="TRUE">ESRI</attrdefs><attrdomv><udom Sync="TRUE">Coordinates defining the features.</udom></attrdomv></attr><attr><attrlabl Sync="TRUE">SHAPE</attrlabl><attalias Sync="TRUE">OBJECTID</attalias><attrtype Sync="TRUE">OID</attrtype><attwidth Sync="TRUE">4</attwidth><atprecis Sync="TRUE">0</atprecis><attscale Sync="TRUE">0</attscale><attrdef Sync="TRUE">Feature geometry.</attrdef><attrdefs Sync="TRUE">ESRI</attrdefs><attrdomv><udom Sync="TRUE">Coordinates defining the features.</udom></attrdomv></attr><attr><attrlabl Sync="TRUE">OBJECTID</attrlabl><attalias Sync="TRUE">SHAPE_Length</attalias><attrtype Sync="TRUE">Double</attrtype><attwidth Sync="TRUE">8</attwidth><atprecis Sync="TRUE">0</atprecis><attscale Sync="TRUE">0</attscale><attrdef Sync="TRUE">Internal feature number.</attrdef><attrdefs Sync="TRUE">ESRI</attrdefs><attrdomv><udom Sync="TRUE">Sequential unique whole numbers that are automatically generated.</udom></attrdomv></attr><attr><attrlabl Sync="TRUE">SHAPE_Length</attrlabl><attalias Sync="TRUE">SHAPE_Area</attalias><attrtype Sync="TRUE">Double</attrtype><attwidth Sync="TRUE">8</attwidth><atprecis Sync="TRUE">0</atprecis><attscale Sync="TRUE">0</attscale><attrdef Sync="TRUE">Length of feature in internal units.</attrdef><attrdefs Sync="TRUE">ESRI</attrdefs><attrdomv><udom Sync="TRUE">Positive real numbers that are automatically generated.</udom></attrdomv></attr><attr><attrlabl Sync="TRUE">SHAPE_Area</attrlabl><attalias Sync="TRUE">SHAPE_Area</attalias><attrtype Sync="TRUE">Double</attrtype><attwidth Sync="TRUE">8</attwidth><atprecis Sync="TRUE">0</atprecis><attscale Sync="TRUE">0</attscale><attrdef Sync="TRUE">Area of feature in internal units squared.</attrdef><attrdefs Sync="TRUE">ESRI</attrdefs><attrdomv><udom Sync="TRUE">Positive real numbers that are automatically generated.</udom></attrdomv></attr></detailed></eainfo><mdDateSt>20050410</mdDateSt><dataqual><lineage><procstep><procdesc Sync="TRUE">Dataset copied.</procdesc><srcused Sync="TRUE"></srcused><date Sync="TRUE">20050127</date><time Sync="TRUE">10535200</time></procstep><procstep><procdesc Sync="TRUE">Dataset copied.</procdesc><srcused Sync="TRUE"></srcused><date Sync="TRUE">20050127</date><time Sync="TRUE">10560900</time></procstep><procstep><procdesc Sync="TRUE">Metadata imported.</procdesc><srcused Sync="TRUE">G:\temp\topo5m.xml</srcused><date Sync="TRUE">20050127</date><time Sync="TRUE">15371800</time></procstep><procstep><procdesc Sync="TRUE">Dataset copied.</procdesc><srcused Sync="TRUE">Server=manteis; Service=5152/tcp; User=soc; Version=SDE.DEFAULT</srcused><date Sync="TRUE">20050127</date><time Sync="TRUE">15420800</time></procstep><procstep><procdesc Sync="TRUE">Metadata imported.</procdesc><srcused Sync="TRUE">C:\sde_metadata\SOC.admgv_aus5m.xml</srcused><date Sync="TRUE">20050608</date><time Sync="TRUE">08024900</time></procstep></lineage></dataqual><mdFileID Sync="TRUE">{FB78B762-9526-49E3-9F53-F3C928A34239}</mdFileID><mdContact><rpOrgName>Australian Government Department of the Environment and Heritage</rpOrgName><rpPosName>Data Manager</rpPosName><rpCntInfo><cntPhone><voiceNum>(02) 6274 1111</voiceNum><faxNum>(02) 6274 1333</faxNum></cntPhone><cntAddress><delPoint>GPO Box 787</delPoint><city>CANBERRA</city><adminArea>ACT</adminArea><postCode>2601</postCode><country>Australia</country><eMailAdd>metadata@deh.gov.au</eMailAdd></cntAddress><cntOnlineRes><linkage>http://www.deh.gov.au/</linkage></cntOnlineRes></rpCntInfo><role><RoleCd value="007"></RoleCd></role></mdContact><dqInfo><dataLineage><statement>Offshore and Sand Ridge layers have been derived from 1:5M scale mapping by scanning stable base photographic film positives of the various layers of the original map production material. The remain ing layers were sourced from the GEODATA TOPO 2.5M 2003 product.</statement><dataSource><srcCitatn><resTitle>Copryright (c) Commonwealth of Australia, Geoscience Australia, 2004</resTitle><resRefDate><refDate>20000101</refDate><refDateType><DateTypCd value="003"></DateTypCd></refDateType></resRefDate></srcCitatn></dataSource></dataLineage><dqReport><DQAbsExtPosAcc><measResult><ConResult><conSpec><resTitle>ERIN Check</resTitle><resRefDate><refDate>20000101</refDate><refDateType><DateTypCd value="003"></DateTypCd></refDateType></resRefDate></conSpec><conExpl>GEODATA TOPO 5M 2004 complies with the following statement of planimetric accuracy: "Not more than 10% of well defined points are in error by more than 2800m."</conExpl><conPass>1</conPass></ConResult></measResult></DQAbsExtPosAcc><DQNonQuanAttAcc><measResult><ConResult><conSpec><resTitle>ERIN Check</resTitle><resRefDate><refDate>20000101</refDate><refDateType><DateTypCd value="003"></DateTypCd></refDateType></resRefDate></conSpec><conExpl>For this product, attribute accuracy is a measure of the degree to which the attribute values of a feature agree with the information on the source material. The allowable error in attribute accuracy ranges between 0% and 5%. Where less than 1% of errors are permissable, the entire population is tested. A full description of the checks on the data, the test sample size and the allowable error are provided in the product user guide of GEODATA TOPO 5M 2004.</conExpl><conPass>1</conPass></ConResult></measResult></DQNonQuanAttAcc><DQConcConsis><measResult><ConResult><conSpec><resTitle>ERIN Check</resTitle><resRefDate><refDate>20000101</refDate><refDateType><DateTypCd value="003"></DateTypCd></refDateType></resRefDate></conSpec><conExpl>Logical consistency is a measure of the degree to which data complies with the technical specification. The data was tested using a mixture of ArcInfo and UNIX programs. This included checking of the naming of tables and files and graphical tests to check intersections, polygon closures, and minimum size of polygons and topological relationships.</conExpl><conPass>1</conPass></ConResult></measResult></DQConcConsis><DQCompOm><measResult><ConResult><conSpec><resTitle>ERIN Check</resTitle><resRefDate><refDate>20000101</refDate><refDateType><DateTypCd value="003"></DateTypCd></refDateType></resRefDate></conSpec><conExpl>All instances of a feature and its attribute values that appear on the source material are captured unless otherwise indicated. The completeness was tested by assessing the data against the supplied and quoted source material, carrying out visual comparisons and data comparisons as required.</conExpl><conPass>1</conPass></ConResult></measResult></DQCompOm></dqReport><dqScope><scpLvl><ScopeCd value="005"></ScopeCd></scpLvl></dqScope></dqInfo></metadata>
